Day,X,Y,Z,VX,VY,VZ
1,-0.534376,1.52184,0.0449957,-0.0126746,-0.00344629,0.000238613
2,-0.547028,1.51834,0.0452327,-0.0126365,-0.00355331,0.000235435
3,-0.559642,1.51474,0.0454665,-0.0125976,-0.00365989,0.000232247
4,-0.572216,1.51103,0.0456971,-0.0125579,-0.00376603,0.000229048
5,-0.58475,1.50721,0.0459244,-0.0125173,-0.00387172,0.000225839
6,-0.597244,1.50328,0.0461486,-0.012476,-0.00397696,0.000222619
7,-0.609696,1.49926,0.0463696,-0.0124339,-0.00408175,0.000219389
8,-0.622105,1.49512,0.0465873,-0.0123909,-0.00418607,0.000216149
9,-0.634471,1.49089,0.0468017,-0.0123472,-0.00428993,0.0002129
10,-0.646792,1.48655,0.0470129,-0.0123027,-0.00439332,0.000209641
11,-0.659069,1.4821,0.0472209,-0.0122574,-0.00449624,0.000206373
12,-0.6713,1.47756,0.0474256,-0.0122114,-0.00459867,0.000203096
13,-0.683485,1.47291,0.047627,-0.0121645,-0.00470063,0.000199811
14,-0.695623,1.46816,0.0478251,-0.0121169,-0.0048021,0.000196516
15,-0.707712,1.46331,0.0480199,-0.0120686,-0.00490308,0.000193214
16,-0.719753,1.45835,0.0482114,-0.0120195,-0.00500356,0.000189903
17,-0.731744,1.4533,0.0483996,-0.0119696,-0.00510355,0.000186584
18,-0.743686,1.44815,0.0485845,-0.011919,-0.00520303,0.000183258
19,-0.755576,1.4429,0.048766,-0.0118677,-0.00530201,0.000179924
20,-0.767414,1.43755,0.0489442,-0.0118156,-0.00540047,0.000176583
21,-0.7792,1.4321,0.0491191,-0.0117628,-0.00549842,0.000173234
22,-0.790933,1.42656,0.0492906,-0.0117092,-0.00559586,0.000169879
23,-0.802612,1.42091,0.0494587,-0.011655,-0.00569277,0.000166517
24,-0.814237,1.41517,0.0496235,-0.0116,-0.00578916,0.000163149
25,-0.825806,1.40934,0.049785,-0.0115443,-0.00588501,0.000159774
26,-0.837319,1.40341,0.049943,-0.011488,-0.00598034,0.000156393
27,-0.848775,1.39738,0.0500977,-0.0114309,-0.00607512,0.000153006
28,-0.860174,1.39126,0.0502489,-0.0113731,-0.00616937,0.000149614
29,-0.871515,1.38504,0.0503968,-0.0113146,-0.00626307,0.000146216
30,-0.882797,1.37874,0.0505413,-0.0112555,-0.00635623,0.000142813
31,-0.89402,1.37234,0.0506823,-0.0111957,-0.00644884,0.000139404
32,-0.905183,1.36584,0.05082,-0.0111352,-0.00654089,0.000135991
33,-0.916284,1.35926,0.0509542,-0.011074,-0.00663238,0.000132573
34,-0.927324,1.35258,0.0510851,-0.0110122,-0.00672332,0.00012915
35,-0.938302,1.34581,0.0512125,-0.0109497,-0.00681368,0.000125723
36,-0.949218,1.33896,0.0513365,-0.0108865,-0.00690349,0.000122292
37,-0.960069,1.33201,0.051457,-0.0108227,-0.00699272,0.000118857
38,-0.970857,1.32498,0.0515741,-0.0107582,-0.00708138,0.000115418
39,-0.98158,1.31785,0.0516878,-0.0106932,-0.00716946,0.000111975
40,-0.992237,1.31064,0.051798,-0.0106274,-0.00725696,0.000108529
41,-1.00283,1.30334,0.0519048,-0.0105611,-0.00734387,0.00010508
42,-1.01335,1.29596,0.0520081,-0.0104941,-0.0074302,0.000101628
43,-1.02381,1.28849,0.052108,-0.0104265,-0.00751595,9.81727e-05
44,-1.0342,1.28093,0.0522044,-0.0103583,-0.00760109,9.47148e-05
45,-1.04452,1.27329,0.0522973,-0.0102894,-0.00768565,9.12544e-05
46,-1.05477,1.26556,0.0523868,-0.01022,-0.0077696,8.77917e-05
47,-1.06496,1.25775,0.0524729,-0.01015,-0.00785296,8.43268e-05
48,-1.07507,1.24986,0.0525554,-0.0100793,-0.00793571,8.086e-05
49,-1.08511,1.24189,0.0526345,-0.0100081,-0.00801785,7.73913e-05
50,-1.09508,1.23383,0.0527102,-0.00993627,-0.00809938,7.3921e-05
51,-1.10498,1.22569,0.0527823,-0.00986387,-0.0081803,7.04493e-05
52,-1.1148,1.21747,0.052851,-0.00979089,-0.0082606,6.69762e-05
53,-1.12455,1.20918,0.0529163,-0.00971734,-0.00834029,6.35021e-05
54,-1.13423,1.2008,0.052978,-0.00964321,-0.00841935,6.00271e-05
55,-1.14383,1.19234,0.0530363,-0.00956853,-0.00849779,5.65512e-05
56,-1.15336,1.18381,0.0530911,-0.00949328,-0.00857561,5.30748e-05
57,-1.16281,1.1752,0.0531424,-0.00941748,-0.00865279,4.9598e-05
58,-1.17219,1.16651,0.0531903,-0.00934112,-0.00872934,4.61209e-05
59,-1.18149,1.15774,0.0532346,-0.00926422,-0.00880526,4.26438e-05
60,-1.19072,1.1489,0.0532755,-0.00918678,-0.00888054,3.91667e-05
61,-1.19986,1.13999,0.0533129,-0.00910881,-0.00895518,3.56899e-05
62,-1.20893,1.131,0.0533469,-0.0090303,-0.00902918,3.22135e-05
63,-1.21792,1.12193,0.0533773,-0.00895126,-0.00910253,2.87377e-05
64,-1.22683,1.1128,0.0534043,-0.00887171,-0.00917524,2.52627e-05
65,-1.23565,1.10359,0.0534279,-0.00879163,-0.00924729,2.17886e-05
66,-1.2444,1.09431,0.0534479,-0.00871104,-0.0093187,1.83155e-05
67,-1.25307,1.08495,0.0534645,-0.00862994,-0.00938944,1.48438e-05
68,-1.26166,1.07553,0.0534776,-0.00854834,-0.00945953,1.13734e-05
69,-1.27016,1.06604,0.0534872,-0.00846623,-0.00952896,7.90463e-06
70,-1.27859,1.05648,0.0534934,-0.00838363,-0.00959773,4.4376e-06
71,-1.28693,1.04685,0.0534961,-0.00830055,-0.00966584,9.72471e-07
72,-1.29518,1.03715,0.0534953,-0.00821697,-0.00973327,-2.49059e-06
73,-1.30336,1.02739,0.0534911,-0.00813291,-0.00980004,-5.95142e-06
74,-1.31144,1.01756,0.0534834,-0.00804838,-0.00986613,-9.40987e-06
75,-1.31945,1.00766,0.0534723,-0.00796337,-0.00993155,-1.28658e-05
76,-1.32737,0.997701,0.0534577,-0.0078779,-0.00999629,-1.6319e-05
77,-1.3352,0.987675,0.0534397,-0.00779196,-0.0100604,-1.97693e-05
78,-1.34295,0.977586,0.0534182,-0.00770556,-0.0101237,-2.32166e-05
79,-1.35061,0.967434,0.0533932,-0.00761871,-0.0101864,-2.66607e-05
80,-1.35818,0.957219,0.0533649,-0.00753141,-0.0102485,-3.01015e-05
81,-1.36566,0.946942,0.0533331,-0.00744366,-0.0103098,-3.35387e-05
82,-1.37306,0.936605,0.0532978,-0.00735548,-0.0103704,-3.69723e-05
83,-1.38037,0.926207,0.0532591,-0.00726685,-0.0104304,-4.04021e-05
84,-1.38759,0.91575,0.053217,-0.0071778,-0.0104896,-4.3828e-05
85,-1.39472,0.905234,0.0531715,-0.00708831,-0.0105482,-4.72497e-05
86,-1.40176,0.89466,0.0531226,-0.00699841,-0.010606,-5.06671e-05
87,-1.40872,0.884028,0.0530702,-0.00690808,-0.0106632,-5.40801e-05
88,-1.41558,0.873339,0.0530144,-0.00681734,-0.0107196,-5.74884e-05
89,-1.42235,0.862595,0.0529553,-0.00672619,-0.0107753,-6.08921e-05
90,-1.42903,0.851794,0.0528927,-0.00663464,-0.0108304,-6.42908e-05
91,-1.43561,0.84094,0.0528267,-0.00654268,-0.0108847,-6.76845e-05
92,-1.44211,0.830031,0.0527573,-0.00645033,-0.0109383,-7.10729e-05
93,-1.44851,0.819069,0.0526846,-0.00635758,-0.0109912,-7.4456e-05
94,-1.45482,0.808055,0.0526085,-0.00626445,-0.0110434,-7.78336e-05
95,-1.46104,0.796989,0.052529,-0.00617094,-0.0110948,-8.12055e-05
96,-1.46716,0.785871,0.0524461,-0.00607705,-0.0111456,-8.45716e-05
97,-1.47319,0.774704,0.0523599,-0.00598278,-0.0111956,-8.79317e-05
98,-1.47912,0.763486,0.0522703,-0.00588815,-0.0112449,-9.12857e-05
99,-1.48496,0.75222,0.0521774,-0.00579315,-0.0112935,-9.46334e-05
100,-1.4907,0.740906,0.0520811,-0.00569778,-0.0113413,-9.79746e-05
101,-1.49635,0.729544,0.0519815,-0.00560207,-0.0113884,-0.000101309
102,-1.5019,0.718135,0.0518785,-0.005506,-0.0114348,-0.000104637
103,-1.50736,0.706681,0.0517722,-0.00540958,-0.0114804,-0.000107958
104,-1.51272,0.695181,0.0516627,-0.00531282,-0.0115253,-0.000111272
105,-1.51798,0.683636,0.0515498,-0.00521572,-0.0115695,-0.000114579
106,-1.52315,0.672048,0.0514336,-0.00511829,-0.0116129,-0.000117878
107,-1.52822,0.660417,0.0513141,-0.00502053,-0.0116556,-0.00012117
108,-1.53319,0.648744,0.0511913,-0.00492245,-0.0116975,-0.000124455
109,-1.53806,0.637029,0.0510652,-0.00482404,-0.0117387,-0.000127731
110,-1.54283,0.625273,0.0509359,-0.00472532,-0.0117791,-0.000131
111,-1.54751,0.613477,0.0508033,-0.00462628,-0.0118188,-0.00013426
112,-1.55208,0.601642,0.0506675,-0.00452694,-0.0118577,-0.000137512
113,-1.55656,0.589768,0.0505284,-0.0044273,-0.0118959,-0.000140756
114,-1.56093,0.577857,0.050386,-0.00432736,-0.0119333,-0.000143991
115,-1.56521,0.565908,0.0502405,-0.00422713,-0.01197,-0.000147217
116,-1.56939,0.553923,0.0500917,-0.0041266,-0.0120059,-0.000150435
117,-1.57346,0.541903,0.0499397,-0.0040258,-0.012041,-0.000153644
118,-1.57744,0.529848,0.0497845,-0.00392471,-0.0120754,-0.000156843
119,-1.58131,0.517759,0.0496261,-0.00382335,-0.012109,-0.000160033
120,-1.58508,0.505637,0.0494645,-0.00372171,-0.0121418,-0.000163214
121,-1.58875,0.493482,0.0492997,-0.00361982,-0.0121739,-0.000166385
122,-1.59232,0.481296,0.0491318,-0.00351765,-0.0122052,-0.000169546
123,-1.59578,0.469078,0.0489607,-0.00341524,-0.0122357,-0.000172697
124,-1.59915,0.456831,0.0487865,-0.00331257,-0.0122655,-0.000175838
125,-1.60241,0.444554,0.0486092,-0.00320965,-0.0122944,-0.000178969
126,-1.60556,0.432249,0.0484287,-0.00310649,-0.0123226,-0.00018209
127,-1.60862,0.419916,0.0482451,-0.00300309,-0.01235,-0.0001852
128,-1.61157,0.407556,0.0480584,-0.00289945,-0.0123766,-0.000188299
129,-1.61442,0.39517,0.0478686,-0.00279559,-0.0124025,-0.000191388
130,-1.61716,0.382758,0.0476757,-0.0026915,-0.0124275,-0.000194465
131,-1.6198,0.370321,0.0474798,-0.00258719,-0.0124518,-0.000197532
132,-1.62233,0.357861,0.0472808,-0.00248267,-0.0124752,-0.000200587
133,-1.62476,0.345378,0.0470787,-0.00237793,-0.0124979,-0.00020363
134,-1.62709,0.332872,0.0468736,-0.00227299,-0.0125198,-0.000206662
135,-1.62931,0.320345,0.0466655,-0.00216785,-0.0125409,-0.000209683
136,-1.63142,0.307798,0.0464544,-0.00206251,-0.0125611,-0.000212691
137,-1.63343,0.29523,0.0462402,-0.00195698,-0.0125806,-0.000215687
138,-1.63533,0.282643,0.0460231,-0.00185127,-0.0125993,-0.000218671
139,-1.63713,0.270038,0.045803,-0.00174537,-0.0126172,-0.000221643
140,-1.63882,0.257416,0.0455799,-0.00163929,-0.0126342,-0.000224602
141,-1.64041,0.244777,0.0453539,-0.00153304,-0.0126505,-0.000227548
142,-1.64189,0.232122,0.045125,-0.00142662,-0.012666,-0.000230482
143,-1.64326,0.219452,0.0448931,-0.00132004,-0.0126806,-0.000233402
144,-1.64453,0.206768,0.0446583,-0.0012133,-0.0126944,-0.00023631
145,-1.64569,0.19407,0.0444206,-0.00110641,-0.0127074,-0.000239204
146,-1.64674,0.18136,0.04418,-0.000999371,-0.0127196,-0.000242084
147,-1.64769,0.168638,0.0439366,-0.000892187,-0.012731,-0.000244951
148,-1.64852,0.155905,0.0436903,-0.000784864,-0.0127416,-0.000247804
149,-1.64925,0.143162,0.0434411,-0.000677408,-0.0127513,-0.000250643
150,-1.64988,0.13041,0.0431891,-0.000569823,-0.0127602,-0.000253469
151,-1.65039,0.117649,0.0429343,-0.000462114,-0.0127683,-0.000256279
152,-1.6508,0.10488,0.0426767,-0.000354287,-0.0127756,-0.000259076
153,-1.6511,0.0921048,0.0424163,-0.000246346,-0.012782,-0.000261858
154,-1.65129,0.0793234,0.0421531,-0.000138296,-0.0127876,-0.000264625
155,-1.65138,0.0665367,0.0418872,-3.01428e-05,-0.0127923,-0.000267377
156,-1.65135,0.0537458,0.0416185,7.81087e-05,-0.0127963,-0.000270114
157,-1.65122,0.0409513,0.0413471,0.000186454,-0.0127994,-0.000272836
158,-1.65098,0.0281541,0.041073,0.000294887,-0.0128016,-0.000275542
159,-1.65063,0.0153551,0.0407962,0.000403403,-0.0128031,-0.000278233
160,-1.65018,0.00255513,0.0405167,0.000511996,-0.0128036,-0.000280908
161,-1.64961,-0.010245,0.0402345,0.000620663,-0.0128034,-0.000283567
162,-1.64893,-0.0230445,0.0399497,0.000729396,-0.0128023,-0.000286211
163,-1.64815,-0.0358424,0.0396623,0.000838192,-0.0128003,-0.000288838
164,-1.64726,-0.048638,0.0393722,0.000947044,-0.0127975,-0.000291448
165,-1.64626,-0.0614304,0.0390795,0.00105595,-0.0127939,-0.000294042
166,-1.64515,-0.0742186,0.0387843,0.0011649,-0.0127894,-0.00029662
167,-1.64393,-0.087002,0.0384865,0.00127389,-0.012784,-0.00029918
168,-1.6426,-0.0997796,0.0381861,0.00138291,-0.0127778,-0.000301724
169,-1.64116,-0.11255,0.0378832,0.00149197,-0.0127708,-0.00030425
170,-1.63962,-0.125314,0.0375778,0.00160105,-0.0127628,-0.000306759
171,-1.63796,-0.138069,0.0372698,0.00171015,-0.0127541,-0.000309251
172,-1.6362,-0.150815,0.0369594,0.00181926,-0.0127444,-0.000311725
173,-1.63432,-0.163551,0.0366466,0.00192838,-0.0127339,-0.00031418
174,-1.63234,-0.176276,0.0363312,0.00203751,-0.0127226,-0.000316618
175,-1.63025,-0.188989,0.0360135,0.00214662,-0.0127103,-0.000319038
176,-1.62805,-0.201689,0.0356933,0.00225573,-0.0126972,-0.000321439
177,-1.62574,-0.214376,0.0353708,0.00236483,-0.0126833,-0.000323822
178,-1.62332,-0.227049,0.0350459,0.00247391,-0.0126685,-0.000326186
179,-1.62079,-0.239706,0.0347186,0.00258295,-0.0126528,-0.000328531
180,-1.61816,-0.252347,0.034389,0.00269197,-0.0126362,-0.000330857
181,-1.61541,-0.264972,0.0340571,0.00280095,-0.0126187,-0.000333164
182,-1.61256,-0.277578,0.0337229,0.00290989,-0.0126004,-0.000335451
183,-1.60959,-0.290165,0.0333864,0.00301877,-0.0125812,-0.000337719
184,-1.60652,-0.302733,0.0330476,0.0031276,-0.0125612,-0.000339967
185,-1.60334,-0.315281,0.0327066,0.00323637,-0.0125402,-0.000342196
186,-1.60005,-0.327807,0.0323634,0.00334508,-0.0125184,-0.000344404
187,-1.59665,-0.340311,0.032018,0.00345371,-0.0124957,-0.000346592
188,-1.59314,-0.352791,0.0316704,0.00356226,-0.0124721,-0.000348759
189,-1.58953,-0.365248,0.0313207,0.00367072,-0.0124476,-0.000350906
190,-1.5858,-0.377679,0.0309688,0.00377909,-0.0124222,-0.000353032
191,-1.58197,-0.390085,0.0306148,0.00388737,-0.012396,-0.000355137
192,-1.57803,-0.402464,0.0302587,0.00399554,-0.0123688,-0.00035722
193,-1.57398,-0.414816,0.0299006,0.0041036,-0.0123408,-0.000359283
194,-1.56983,-0.427139,0.0295404,0.00421154,-0.0123119,-0.000361324
195,-1.56556,-0.439433,0.0291781,0.00431937,-0.0122821,-0.000363343
196,-1.56119,-0.451697,0.0288139,0.00442706,-0.0122514,-0.000365341
197,-1.55671,-0.463929,0.0284476,0.00453462,-0.0122198,-0.000367316
198,-1.55212,-0.476129,0.0280794,0.00464203,-0.0121873,-0.000369269
199,-1.54743,-0.488297,0.0277093,0.0047493,-0.0121539,-0.0003712
200,-1.54263,-0.50043,0.0273372,0.00485641,-0.0121196,-0.000373108
201,-1.53772,-0.512529,0.0269633,0.00496336,-0.0120845,-0.000374993
202,-1.5327,-0.524593,0.0265875,0.00507014,-0.0120484,-0.000376856
203,-1.52758,-0.536619,0.0262098,0.00517675,-0.0120114,-0.000378695
204,-1.52235,-0.548609,0.0258303,0.00528317,-0.0119735,-0.000380511
205,-1.51702,-0.56056,0.025449,0.00538941,-0.0119348,-0.000382303
206,-1.51158,-0.572472,0.0250659,0.00549545,-0.0118951,-0.000384072
207,-1.50603,-0.584343,0.0246811,0.00560129,-0.0118545,-0.000385817
208,-1.50038,-0.596174,0.0242945,0.00570692,-0.011813,-0.000387538
209,-1.49462,-0.607963,0.0239062,0.00581234,-0.0117706,-0.000389234
210,-1.48876,-0.619709,0.0235162,0.00591753,-0.0117273,-0.000390906
211,-1.48279,-0.631411,0.0231246,0.00602249,-0.0116831,-0.000392554
212,-1.47672,-0.643069,0.0227313,0.00612722,-0.011638,-0.000394177
213,-1.47054,-0.654681,0.0223365,0.0062317,-0.011592,-0.000395774
214,-1.46426,-0.666246,0.02194,0.00633594,-0.0115451,-0.000397347
215,-1.45787,-0.677764,0.021542,0.00643991,-0.0114973,-0.000398894
216,-1.45138,-0.689234,0.0211424,0.00654362,-0.0114485,-0.000400416
217,-1.44479,-0.700655,0.0207414,0.00664705,-0.0113989,-0.000401912
218,-1.43809,-0.712026,0.0203388,0.00675021,-0.0113483,-0.000403382
219,-1.43129,-0.723345,0.0199348,0.00685308,-0.0112968,-0.000404825
220,-1.42439,-0.734613,0.0195294,0.00695565,-0.0112445,-0.000406243
221,-1.41738,-0.745828,0.0191226,0.00705793,-0.0111912,-0.000407634
222,-1.41027,-0.756989,0.0187144,0.00715989,-0.011137,-0.000408998
223,-1.40307,-0.768096,0.0183048,0.00726153,-0.0110819,-0.000410336
224,-1.39576,-0.779147,0.0178939,0.00736285,-0.0110259,-0.000411646
225,-1.38834,-0.790141,0.0174817,0.00746384,-0.0109689,-0.00041293
226,-1.38083,-0.801079,0.0170683,0.00756449,-0.0109111,-0.000414185
227,-1.37322,-0.811957,0.0166536,0.00766479,-0.0108523,-0.000415414
228,-1.36551,-0.822777,0.0162377,0.00776473,-0.0107927,-0.000416614
229,-1.35769,-0.833537,0.0158206,0.00786432,-0.0107321,-0.000417786
230,-1.34978,-0.844235,0.0154024,0.00796352,-0.0106706,-0.00041893
231,-1.34177,-0.854872,0.014983,0.00806235,-0.0106082,-0.000420046
232,-1.33366,-0.865446,0.0145625,0.0081608,-0.0105449,-0.000421133
233,-1.32545,-0.875956,0.014141,0.00825884,-0.0104807,-0.000422192
234,-1.31715,-0.886401,0.0137184,0.00835649,-0.0104156,-0.000423221
235,-1.30875,-0.896781,0.0132947,0.00845372,-0.0103495,-0.000424221
236,-1.30025,-0.907095,0.0128701,0.00855053,-0.0102826,-0.000425192
237,-1.29165,-0.917341,0.0124446,0.00864691,-0.0102147,-0.000426134
238,-1.28296,-0.927519,0.0120181,0.00874286,-0.010146,-0.000427045
239,-1.27417,-0.937627,0.0115907,0.00883836,-0.0100763,-0.000427927
240,-1.26529,-0.947666,0.0111625,0.00893341,-0.0100057,-0.000428779
241,-1.25631,-0.957633,0.0107334,0.009028,-0.00993426,-0.0004296
242,-1.24723,-0.967529,0.0103035,0.00912212,-0.00986188,-0.000430391
243,-1.23807,-0.977351,0.00987288,0.00921576,-0.00978859,-0.000431151
244,-1.22881,-0.9871,0.00944148,0.00930891,-0.0097144,-0.00043188
245,-1.21946,-0.996775,0.00900936,0.00940157,-0.00963931,-0.000432579
246,-1.21001,-1.00637,0.00857656,0.00949372,-0.00956333,-0.000433246
247,-1.20047,-1.0159,0.00814311,0.00958536,-0.00948644,-0.000433881
248,-1.19084,-1.02534,0.00770904,0.00967648,-0.00940865,-0.000434485
249,-1.18113,-1.03471,0.00727438,0.00976706,-0.00932997,-0.000435058
250,-1.17132,-1.044,0.00683917,0.00985711,-0.0092504,-0.000435598
251,-1.16142,-1.0532,0.00640343,0.00994661,-0.00916993,-0.000436106
252,-1.15143,-1.06233,0.0059672,0.0100355,-0.00908857,-0.000436582
253,-1.14135,-1.07138,0.00553051,0.0101239,-0.00900632,-0.000437025
254,-1.13119,-1.08034,0.00509339,0.0102117,-0.00892318,-0.000437435
255,-1.12093,-1.08922,0.00465588,0.0102989,-0.00883915,-0.000437813
256,-1.11059,-1.09801,0.00421801,0.0103856,-0.00875424,-0.000438157
257,-1.10017,-1.10672,0.00377981,0.0104716,-0.00866845,-0.000438469
258,-1.08966,-1.11534,0.00334131,0.010557,-0.00858178,-0.000438746
259,-1.07906,-1.12388,0.00290256,0.0106418,-0.00849424,-0.000438991
260,-1.06838,-1.13233,0.00246358,0.0107259,-0.00840581,-0.000439201
261,-1.05761,-1.14069,0.0020244,0.0108094,-0.00831651,-0.000439377
262,-1.04677,-1.14896,0.00158507,0.0108923,-0.00822635,-0.000439519
263,-1.03584,-1.15713,0.00114561,0.0109745,-0.00813531,-0.000439627
264,-1.02482,-1.16522,0.000706058,0.011056,-0.00804341,-0.0004397
265,-1.01373,-1.17322,0.000266452,0.0111369,-0.00795065,-0.000439739
266,-1.00256,-1.18112,-0.000173175,0.0112171,-0.00785703,-0.000439743
267,-0.991302,-1.18893,-0.000612788,0.0112966,-0.00776255,-0.000439711
268,-0.979969,-1.19664,-0.00105235,0.0113753,-0.00766722,-0.000439645
269,-0.968558,-1.20426,-0.00149183,0.0114534,-0.00757104,-0.000439543
270,-0.957069,-1.21178,-0.00193119,0.0115307,-0.00747401,-0.000439405
271,-0.945503,-1.2192,-0.0023704,0.0116073,-0.00737614,-0.000439232
272,-0.933861,-1.22653,-0.00280941,0.0116831,-0.00727743,-0.000439023
273,-0.922143,-1.23375,-0.0032482,0.0117582,-0.00717788,-0.000438778
274,-0.910351,-1.24088,-0.00368673,0.0118326,-0.0070775,-0.000438497
275,-0.898484,-1.2479,-0.00412495,0.0119061,-0.00697629,-0.000438179
276,-0.886545,-1.25483,-0.00456284,0.0119789,-0.00687426,-0.000437825
277,-0.874533,-1.26165,-0.00500036,0.0120508,-0.00677141,-0.000437434
278,-0.86245,-1.26837,-0.00543747,0.012122,-0.00666774,-0.000437006
279,-0.850296,-1.27498,-0.00587413,0.0121924,-0.00656326,-0.000436542
280,-0.838072,-1.28149,-0.00631031,0.0122619,-0.00645797,-0.00043604
281,-0.825779,-1.28789,-0.00674597,0.0123306,-0.00635188,-0.000435501
282,-0.813418,-1.29419,-0.00718107,0.0123984,-0.006245,-0.000434924
283,-0.800989,-1.30038,-0.00761557,0.0124654,-0.00613732,-0.00043431
284,-0.788494,-1.30646,-0.00804945,0.0125316,-0.00602885,-0.000433659
285,-0.775933,-1.31243,-0.00848265,0.0125968,-0.0059196,-0.000432969
286,-0.763307,-1.3183,-0.00891514,0.0126612,-0.00580957,-0.000432241
287,-0.750617,-1.32405,-0.00934689,0.0127247,-0.00569877,-0.000431476
288,-0.737865,-1.32969,-0.00977785,0.0127873,-0.0055872,-0.000430672
289,-0.72505,-1.33522,-0.010208,0.0128489,-0.00547487,-0.000429829
290,-0.712174,-1.34064,-0.0106373,0.0129096,-0.00536179,-0.000428948
291,-0.699238,-1.34594,-0.0110657,0.0129694,-0.00524796,-0.000428029
292,-0.686242,-1.35113,-0.0114931,0.0130283,-0.00513339,-0.000427071
293,-0.673189,-1.3562,-0.0119196,0.0130862,-0.00501808,-0.000426073
294,-0.660077,-1.36116,-0.012345,0.0131431,-0.00490203,-0.000425037
295,-0.64691,-1.36601,-0.0127694,0.0131991,-0.00478527,-0.000423962
296,-0.633686,-1.37073,-0.0131927,0.0132541,-0.00466779,-0.000422848
297,-0.620409,-1.37534,-0.0136149,0.013308,-0.00454959,-0.000421694
298,-0.607078,-1.37983,-0.0140358,0.013361,-0.0044307,-0.000420501
299,-0.593694,-1.3842,-0.0144556,0.0134129,-0.00431111,-0.000419268
300,-0.580259,-1.38845,-0.0148741,0.0134639,-0.00419083,-0.000417996
301,-0.566774,-1.39258,-0.0152914,0.0135138,-0.00406986,-0.000416684
302,-0.553239,-1.39658,-0.0157073,0.0135626,-0.00394823,-0.000415332
303,-0.539656,-1.40047,-0.0161218,0.0136104,-0.00382593,-0.00041394
304,-0.526026,-1.40423,-0.0165349,0.0136571,-0.00370296,-0.000412508
305,-0.51235,-1.40787,-0.0169466,0.0137027,-0.00357935,-0.000411037
306,-0.498628,-1.41139,-0.0173568,0.0137473,-0.0034551,-0.000409525
307,-0.484863,-1.41478,-0.0177654,0.0137907,-0.00333022,-0.000407973
308,-0.471055,-1.41805,-0.0181725,0.0138331,-0.00320471,-0.000406381
309,-0.457204,-1.42119,-0.018578,0.0138743,-0.00307858,-0.000404748
310,-0.443314,-1.42421,-0.0189818,0.0139144,-0.00295185,-0.000403076
311,-0.429383,-1.42709,-0.0193839,0.0139534,-0.00282451,-0.000401362
312,-0.415415,-1.42985,-0.0197843,0.0139912,-0.00269659,-0.000399609
313,-0.401409,-1.43248,-0.0201829,0.0140279,-0.00256809,-0.000397814
314,-0.387367,-1.43499,-0.0205797,0.0140634,-0.00243902,-0.00039598
315,-0.37329,-1.43736,-0.0209746,0.0140977,-0.00230939,-0.000394104
316,-0.359179,-1.4396,-0.0213677,0.0141309,-0.00217921,-0.000392188
317,-0.345036,-1.44172,-0.0217588,0.0141628,-0.00204849,-0.000390232
318,-0.330861,-1.4437,-0.0221479,0.0141935,-0.00191724,-0.000388235
319,-0.316657,-1.44555,-0.022535,0.0142231,-0.00178547,-0.000386197
320,-0.302423,-1.44727,-0.0229201,0.0142514,-0.00165319,-0.000384118
321,-0.288162,-1.44886,-0.0233031,0.0142785,-0.00152041,-0.000381999
322,-0.273874,-1.45031,-0.0236839,0.0143043,-0.00138714,-0.00037984
323,-0.259561,-1.45163,-0.0240625,0.0143289,-0.0012534,-0.000377639
324,-0.245224,-1.45282,-0.0244389,0.0143522,-0.00111919,-0.000375398
325,-0.230865,-1.45387,-0.0248131,0.0143742,-0.000984534,-0.000373116
326,-0.216484,-1.45479,-0.025185,0.014395,-0.000849432,-0.000370794
327,-0.202083,-1.45557,-0.0255545,0.0144145,-0.000713901,-0.000368431
328,-0.187663,-1.45621,-0.0259216,0.0144327,-0.000577951,-0.000366028
329,-0.173225,-1.45672,-0.0262863,0.0144496,-0.000441596,-0.000363584
330,-0.158772,-1.4571,-0.0266486,0.0144652,-0.000304848,-0.0003611
331,-0.144303,-1.45733,-0.0270083,0.0144794,-0.000167719,-0.000358575
332,-0.129821,-1.45743,-0.0273655,0.0144924,-3.02212e-05,-0.000356011
333,-0.115326,-1.45739,-0.0277202,0.014504,0.000107631,-0.000353405
334,-0.100821,-1.45722,-0.0280722,0.0145142,0.000245826,-0.00035076
335,-0.086306,-1.4569,-0.0284215,0.0145231,0.000384349,-0.000348075
336,-0.0717828,-1.45645,-0.0287681,0.0145306,0.000523188,-0.000345349
337,-0.0572528,-1.45585,-0.029112,0.0145368,0.000662329,-0.000342584
338,-0.0427173,-1.45512,-0.0294531,0.0145416,0.000801758,-0.000339779
339,-0.0281778,-1.45425,-0.0297914,0.014545,0.000941461,-0.000336934
340,-0.0136355,-1.45324,-0.0301268,0.014547,0.00108142,-0.00033405
341,0.000908131,-1.45209,-0.0304593,0.0145476,0.00122163,-0.000331126
342,0.0154516,-1.4508,-0.0307888,0.0145468,0.00136207,-0.000328163
343,0.0299937,-1.44937,-0.0311154,0.0145446,0.00150273,-0.000325161
344,0.0445328,-1.44779,-0.031439,0.014541,0.00164359,-0.00032212
345,0.0590675,-1.44608,-0.0317595,0.0145359,0.00178463,-0.00031904
346,0.0735965,-1.44423,-0.0320769,0.0145294,0.00192585,-0.000315921
347,0.0881183,-1.44223,-0.0323912,0.0145215,0.00206722,-0.000312763
348,0.102631,-1.44009,-0.0327022,0.0145122,0.00220873,-0.000309568
349,0.117135,-1.43781,-0.0330101,0.0145013,0.00235037,-0.000306334
350,0.131626,-1.43539,-0.0333147,0.0144891,0.00249212,-0.000303062
351,0.146105,-1.43283,-0.0336161,0.0144753,0.00263396,-0.000299752
352,0.160569,-1.43013,-0.0339141,0.0144601,0.00277588,-0.000296404
353,0.175017,-1.42728,-0.0342087,0.0144434,0.00291786,-0.000293019
354,0.189448,-1.42429,-0.0345,0.0144253,0.00305989,-0.000289597
355,0.203859,-1.42116,-0.0347877,0.0144057,0.00320194,-0.000286139
356,0.218251,-1.41789,-0.0350721,0.0143845,0.003344,-0.000282643
357,0.23262,-1.41448,-0.0353529,0.0143619,0.00348606,-0.000279111
358,0.246967,-1.41092,-0.0356301,0.0143378,0.0036281,-0.000275542
359,0.261288,-1.40722,-0.0359038,0.0143122,0.00377009,-0.000271938
360,0.275583,-1.40338,-0.0361739,0.0142851,0.00391203,-0.000268298
361,0.28985,-1.3994,-0.0364403,0.0142565,0.0040539,-0.000264623
362,0.304088,-1.39528,-0.036703,0.0142263,0.00419567,-0.000260913
363,0.318295,-1.39101,-0.0369619,0.0141947,0.00433733,-0.000257167
364,0.33247,-1.3866,-0.0372172,0.0141615,0.00447887,-0.000253388
365,0.34661,-1.38206,-0.0374686,0.0141269,0.00462026,-0.000249574
366,0.360716,-1.37737,-0.0377162,0.0140907,0.00476148,-0.000245726
367,0.374784,-1.37253,-0.0379599,0.0140529,0.00490253,-0.000241845
368,0.388814,-1.36756,-0.0381997,0.0140137,0.00504337,-0.00023793
369,0.402803,-1.36245,-0.0384356,0.0139729,0.005184,-0.000233983
370,0.416752,-1.3572,-0.0386676,0.0139306,0.00532438,-0.000230003
371,0.430657,-1.35181,-0.0388955,0.0138868,0.00546452,-0.000225991
372,0.444517,-1.34627,-0.0391194,0.0138414,0.00560438,-0.000221947
373,0.458332,-1.3406,-0.0393393,0.0137945,0.00574394,-0.000217872
374,0.472099,-1.33479,-0.039555,0.0137461,0.00588319,-0.000213765
375,0.485816,-1.32884,-0.0397667,0.0136961,0.00602211,-0.000209628
376,0.499483,-1.32275,-0.0399742,0.0136446,0.00616069,-0.000205461
377,0.513098,-1.31652,-0.0401775,0.0135916,0.00629889,-0.000201265
378,0.526659,-1.31015,-0.0403766,0.013537,0.0064367,-0.000197038
379,0.540165,-1.30365,-0.0405715,0.013481,0.00657411,-0.000192783
380,0.553613,-1.29701,-0.040762,0.0134234,0.00671109,-0.000188499
381,0.567004,-1.29023,-0.0409483,0.0133642,0.00684762,-0.000184188
382,0.580334,-1.28332,-0.0411303,0.0133036,0.00698368,-0.000179848
383,0.593603,-1.27627,-0.0413079,0.0132414,0.00711926,-0.000175482
384,0.60681,-1.26908,-0.0414812,0.0131777,0.00725434,-0.000171089
385,0.619952,-1.26176,-0.04165,0.0131125,0.00738889,-0.000166669
386,0.633027,-1.25431,-0.0418144,0.0130457,0.00752289,-0.000162224
387,0.646036,-1.24672,-0.0419744,0.0129775,0.00765633,-0.000157754
388,0.658975,-1.239,-0.0421299,0.0129077,0.00778919,-0.000153259
389,0.671844,-1.23115,-0.0422808,0.0128365,0.00792144,-0.00014874
390,0.684641,-1.22316,-0.0424272,0.0127637,0.00805307,-0.000144197
391,0.697364,-1.21504,-0.0425691,0.0126895,0.00818406,-0.000139631
392,0.710013,-1.2068,-0.0427064,0.0126138,0.00831438,-0.000135042
393,0.722585,-1.19842,-0.0428391,0.0125365,0.00844403,-0.000130431
394,0.735079,-1.18991,-0.0429672,0.0124578,0.00857297,-0.000125799
395,0.747494,-1.18128,-0.0430907,0.0123777,0.00870118,-0.000121146
396,0.759827,-1.17252,-0.0432094,0.012296,0.00882866,-0.000116472
397,0.772079,-1.16363,-0.0433235,0.012213,0.00895538,-0.000111779
398,0.784247,-1.15461,-0.0434329,0.0121284,0.00908131,-0.000107066
399,0.796329,-1.14547,-0.0435376,0.0120424,0.00920645,-0.000102335
400,0.808325,-1.1362,-0.0436376,0.011955,0.00933077,-9.75851e-05
401,0.820232,-1.12681,-0.0437327,0.0118661,0.00945424,-9.28181e-05
402,0.83205,-1.1173,-0.0438231,0.0117759,0.00957686,-8.80343e-05
403,0.843777,-1.10766,-0.0439088,0.0116842,0.00969861,-8.32342e-05
404,0.855412,-1.09791,-0.0439896,0.0115911,0.00981945,-7.84184e-05
405,0.866953,-1.08803,-0.0440655,0.0114966,0.00993938,-7.35876e-05
406,0.878399,-1.07804,-0.0441367,0.0114007,0.0100584,-6.87424e-05
407,0.889748,-1.06792,-0.044203,0.0113034,0.0101764,-6.38835e-05
408,0.901,-1.05769,-0.0442644,0.0112048,0.0102935,-5.90114e-05
409,0.912152,-1.04734,-0.044321,0.0111048,0.0104096,-5.41268e-05
410,0.923203,-1.03687,-0.0443726,0.0110035,0.0105246,-4.92304e-05
411,0.934153,-1.0263,-0.0444194,0.0109009,0.0106387,-4.43229e-05
412,0.944999,-1.0156,-0.0444613,0.0107969,0.0107517,-3.94048e-05
413,0.95574,-1.0048,-0.0444982,0.0106916,0.0108636,-3.44769e-05
414,0.966376,-0.993882,-0.0445302,0.010585,0.0109744,-2.95399e-05
415,0.976904,-0.982856,-0.0445573,0.0104771,0.0110842,-2.45943e-05
416,0.987324,-0.97172,-0.0445794,0.010368,0.0111928,-1.9641e-05
417,0.997635,-0.960476,-0.0445965,0.0102575,0.0113003,-1.46805e-05
418,1.00783,-0.949126,-0.0446087,0.0101459,0.0114066,-9.71356e-06
419,1.01792,-0.937669,-0.044616,0.010033,0.0115118,-4.74088e-06
420,1.02789,-0.926108,-0.0446182,0.00991886,0.0116157,2.36845e-07
421,1.03775,-0.914444,-0.0446155,0.00980353,0.0117185,5.21892e-06
422,1.0475,-0.902678,-0.0446078,0.009687,0.01182,1.02047e-05
423,1.05712,-0.890811,-0.0445951,0.0095693,0.0119204,1.51933e-05
424,1.06663,-0.878844,-0.0445774,0.00945043,0.0120194,2.01842e-05
425,1.07602,-0.866779,-0.0445547,0.00933042,0.0121172,2.51767e-05
426,1.08528,-0.854616,-0.0445271,0.00920927,0.0122137,3.017e-05
427,1.09443,-0.842358,-0.0444944,0.009087,0.0123089,3.51633e-05
428,1.10345,-0.830005,-0.0444568,0.00896364,0.0124027,4.01561e-05
429,1.11235,-0.817559,-0.0444141,0.00883918,0.0124953,4.51475e-05
430,1.12113,-0.805022,-0.0443665,0.00871366,0.0125865,5.01369e-05
431,1.12978,-0.792394,-0.0443139,0.00858709,0.0126763,5.51235e-05
432,1.1383,-0.779676,-0.0442563,0.00845948,0.0127648,6.01066e-05
433,1.14669,-0.766871,-0.0441937,0.00833086,0.0128518,6.50855e-05
434,1.15495,-0.75398,-0.0441261,0.00820123,0.0129375,7.00595e-05
435,1.16309,-0.741003,-0.0440536,0.00807062,0.0130217,7.50278e-05
436,1.17109,-0.727943,-0.0439761,0.00793905,0.0131045,7.99898e-05
437,1.17896,-0.714802,-0.0438937,0.00780653,0.0131859,8.49446e-05
438,1.1867,-0.701579,-0.0438063,0.00767309,0.0132658,8.98917e-05
439,1.1943,-0.688277,-0.0437139,0.00753873,0.0133442,9.48302e-05
440,1.20177,-0.674898,-0.0436167,0.00740349,0.0134212,9.97594e-05
441,1.20911,-0.661442,-0.0435145,0.00726737,0.0134966,0.000104679
442,1.2163,-0.647912,-0.0434074,0.00713041,0.0135706,0.000109587
443,1.22336,-0.634309,-0.0432954,0.00699261,0.013643,0.000114484
444,1.23028,-0.620634,-0.0431785,0.006854,0.0137139,0.000119369
445,1.23707,-0.606889,-0.0430567,0.00671459,0.0137833,0.000124242
446,1.24371,-0.593075,-0.04293,0.00657441,0.0138511,0.0001291
447,1.25021,-0.579194,-0.0427986,0.00643349,0.0139173,0.000133945
448,1.25657,-0.565248,-0.0426622,0.00629182,0.013982,0.000138774
449,1.26279,-0.551238,-0.0425211,0.00614945,0.0140451,0.000143588
450,1.26887,-0.537166,-0.0423751,0.00600639,0.0141066,0.000148385
451,1.2748,-0.523033,-0.0422244,0.00586265,0.0141665,0.000153166
452,1.28059,-0.508841,-0.0420689,0.00571827,0.0142248,0.000157928
453,1.28624,-0.494591,-0.0419086,0.00557326,0.0142815,0.000162672
454,1.29173,-0.480285,-0.0417436,0.00542764,0.0143366,0.000167398
455,1.29709,-0.465926,-0.0415739,0.00528143,0.01439,0.000172103
456,1.30229,-0.451513,-0.0413995,0.00513466,0.0144418,0.000176788
457,1.30735,-0.43705,-0.0412205,0.00498735,0.014492,0.000181451
458,1.31227,-0.422537,-0.0410367,0.00483952,0.0145405,0.000186093
459,1.31703,-0.407977,-0.0408484,0.00469119,0.0145874,0.000190713
460,1.32165,-0.393371,-0.0406554,0.00454238,0.0146326,0.000195309
461,1.32611,-0.37872,-0.0404579,0.00439311,0.0146761,0.000199882
462,1.33043,-0.364027,-0.0402558,0.00424341,0.014718,0.00020443
463,1.3346,-0.349292,-0.0400491,0.0040933,0.0147582,0.000208953
464,1.33861,-0.334519,-0.039838,0.0039428,0.0147967,0.000213451
465,1.34248,-0.319707,-0.0396223,0.00379193,0.0148335,0.000217922
466,1.3462,-0.30486,-0.0394022,0.00364071,0.0148686,0.000222367
467,1.34976,-0.289978,-0.0391777,0.00348918,0.014902,0.000226784
468,1.35317,-0.275064,-0.0389488,0.00333733,0.0149338,0.000231172
469,1.35643,-0.260119,-0.0387155,0.00318521,0.0149638,0.000235533
470,1.35954,-0.245145,-0.0384779,0.00303284,0.0149922,0.000239863
471,1.3625,-0.230143,-0.0382359,0.00288022,0.0150189,0.000244164
472,1.3653,-0.215115,-0.0379897,0.0027274,0.0150438,0.000248435
473,1.36795,-0.200064,-0.0377392,0.00257438,0.0150671,0.000252674
474,1.37045,-0.18499,-0.0374845,0.0024212,0.0150886,0.000256882
475,1.37279,-0.169895,-0.0372256,0.00226787,0.0151084,0.000261058
476,1.37498,-0.154781,-0.0369625,0.00211441,0.0151266,0.000265201
477,1.37702,-0.13965,-0.0366953,0.00196085,0.015143,0.000269311
478,1.3789,-0.124504,-0.036424,0.00180721,0.0151577,0.000273387
479,1.38063,-0.109343,-0.0361487,0.00165352,0.0151708,0.000277429
480,1.38221,-0.0941705,-0.0358693,0.00149978,0.0151821,0.000281437
481,1.38363,-0.0789874,-0.035586,0.00134604,0.0151917,0.000285409
482,1.3849,-0.0637955,-0.0352987,0.00119229,0.0151997,0.000289345
483,1.38601,-0.0485965,-0.0350074,0.00103858,0.0152059,0.000293245
484,1.38698,-0.0333921,-0.0347123,0.000884919,0.0152105,0.000297109
485,1.38778,-0.018184,-0.0344134,0.000731328,0.0152133,0.000300935
486,1.38844,-0.00297392,-0.0341106,0.00057783,0.0152145,0.000304723
487,1.38894,0.0122365,-0.0338041,0.000424446,0.015214,0.000308474
488,1.38929,0.0274456,-0.0334938,0.000271197,0.0152118,0.000312186
489,1.38948,0.0426517,-0.0331799,0.000118105,0.015208,0.000315859
490,1.38952,0.0578531,-0.0328623,-3.48094e-05,0.0152024,0.000319493
491,1.38941,0.0730481,-0.0325411,-0.000187526,0.0151953,0.000323088
492,1.38915,0.0882351,-0.0322163,-0.000340024,0.0151864,0.000326642
493,1.38873,0.103412,-0.031888,-0.000492282,0.0151759,0.000330155
494,1.38816,0.118579,-0.0315562,-0.000644281,0.0151638,0.000333628
495,1.38744,0.133732,-0.0312209,-0.000796,0.01515,0.000337059
496,1.38657,0.14887,-0.0308823,-0.000947419,0.0151346,0.000340449
497,1.38555,0.163992,-0.0305402,-0.00109852,0.0151175,0.000343797
498,1.38438,0.179097,-0.0301948,-0.00124928,0.0150988,0.000347103
499,1.38305,0.194182,-0.0298462,-0.00139968,0.0150786,0.000350366
500,1.38158,0.209245,-0.0294943,-0.0015497,0.0150567,0.000353586
501,1.37995,0.224287,-0.0291392,-0.00169932,0.0150332,0.000356763
502,1.37818,0.239303,-0.028781,-0.00184853,0.0150081,0.000359896
503,1.37626,0.254295,-0.0284196,-0.0019973,0.0149815,0.000362985
504,1.37419,0.269258,-0.0280552,-0.00214562,0.0149533,0.000366031
505,1.37197,0.284193,-0.0276878,-0.00229347,0.0149235,0.000369032
506,1.3696,0.299097,-0.0273174,-0.00244082,0.0148921,0.000371988
507,1.36709,0.313969,-0.026944,-0.00258766,0.0148592,0.0003749
508,1.36443,0.328807,-0.0265678,-0.00273398,0.0148248,0.000377766
509,1.36162,0.34361,-0.0261887,-0.00287975,0.0147889,0.000380587
510,1.35867,0.358376,-0.0258068,-0.00302497,0.0147514,0.000383363
511,1.35557,0.373105,-0.0254222,-0.0031696,0.0147124,0.000386092
512,1.35233,0.387793,-0.0250348,-0.00331363,0.014672,0.000388776
513,1.34895,0.40244,-0.0246448,-0.00345705,0.01463,0.000391414
514,1.34542,0.417045,-0.0242522,-0.00359985,0.0145866,0.000394005
515,1.34175,0.431605,-0.023857,-0.00374199,0.0145417,0.00039655
516,1.33794,0.44612,-0.0234593,-0.00388348,0.0144954,0.000399048
517,1.33398,0.460588,-0.0230592,-0.00402429,0.0144476,0.0004015
518,1.32989,0.475008,-0.0226566,-0.0041644,0.0143984,0.000403904
519,1.32566,0.489377,-0.0222516,-0.0043038,0.0143478,0.000406262
520,1.32129,0.503695,-0.0218443,-0.00444248,0.0142958,0.000408572
521,1.31678,0.517961,-0.0214347,-0.00458043,0.0142423,0.000410835
522,1.31213,0.532172,-0.0210228,-0.00471761,0.0141876,0.000413051
523,1.30734,0.546328,-0.0206088,-0.00485403,0.0141314,0.000415219
524,1.30242,0.560427,-0.0201926,-0.00498967,0.0140739,0.000417339
525,1.29737,0.574468,-0.0197743,-0.00512451,0.014015,0.000419412
526,1.29218,0.588449,-0.019354,-0.00525854,0.0139549,0.000421438
527,1.28685,0.60237,-0.0189317,-0.00539175,0.0138934,0.000423415
528,1.2814,0.616228,-0.0185074,-0.00552412,0.0138306,0.000425345
529,1.27581,0.630023,-0.0180813,-0.00565564,0.0137665,0.000427226
530,1.27009,0.643753,-0.0176532,-0.0057863,0.0137011,0.00042906
531,1.26424,0.657418,-0.0172234,-0.00591608,0.0136345,0.000430846
532,1.25826,0.671015,-0.0167918,-0.00604498,0.0135666,0.000432584
533,1.25215,0.684543,-0.0163584,-0.00617298,0.0134975,0.000434275
534,1.24592,0.698002,-0.0159235,-0.00630007,0.0134272,0.000435917
535,1.23955,0.71139,-0.0154869,-0.00642623,0.0133557,0.000437511
536,1.23307,0.724706,-0.0150487,-0.00655146,0.0132829,0.000439058
537,1.22645,0.737949,-0.014609,-0.00667575,0.013209,0.000440557
538,1.21972,0.751117,-0.0141678,-0.00679908,0.013134,0.000442008
539,1.21286,0.764209,-0.0137252,-0.00692145,0.0130577,0.000443411
540,1.20588,0.777225,-0.0132812,-0.00704284,0.0129804,0.000444766
541,1.19878,0.790163,-0.0128359,-0.00716324,0.0129019,0.000446074
542,1.19156,0.803022,-0.0123893,-0.00728265,0.0128224,0.000447334
543,1.18422,0.8158,-0.0119415,-0.00740105,0.0127417,0.000448546
544,1.17676,0.828498,-0.0114925,-0.00751844,0.0126599,0.000449712
545,1.16918,0.841113,-0.0110423,-0.00763481,0.0125771,0.000450829
546,1.16149,0.853645,-0.0105911,-0.00775014,0.0124933,0.0004519
547,1.15369,0.866093,-0.0101388,-0.00786443,0.0124084,0.000452923
548,1.14577,0.878455,-0.00968549,-0.00797768,0.0123225,0.0004539
549,1.13774,0.890731,-0.00923124,-0.00808986,0.0122356,0.000454829
550,1.12959,0.90292,-0.00877609,-0.00820099,0.0121477,0.000455712
551,1.12134,0.91502,-0.00832007,-0.00831104,0.0120588,0.000456547
552,1.11298,0.92703,-0.00786324,-0.00842001,0.011969,0.000457337
553,1.10451,0.938951,-0.00740565,-0.00852789,0.0118782,0.00045808
554,1.09593,0.95078,-0.00694734,-0.00863468,0.0117865,0.000458776
555,1.08724,0.962517,-0.00648835,-0.00874037,0.0116939,0.000459427
556,1.07845,0.974162,-0.00602874,-0.00884496,0.0116004,0.000460031
557,1.06956,0.985712,-0.00556855,-0.00894843,0.011506,0.00046059
558,1.06056,0.997167,-0.00510782,-0.00905078,0.0114107,0.000461103
559,1.05146,1.00853,-0.0046466,-0.00915201,0.0113146,0.000461571
560,1.04226,1.01979,-0.00418493,-0.00925211,0.0112177,0.000461993
561,1.03296,1.03096,-0.00372287,-0.00935107,0.0111199,0.00046237
562,1.02356,1.04202,-0.00326045,-0.0094489,0.0110213,0.000462702
563,1.01407,1.05299,-0.00279772,-0.00954558,0.0109219,0.00046299
564,1.00448,1.06386,-0.00233473,-0.00964111,0.0108217,0.000463233
565,0.99479,1.07463,-0.00187151,-0.00973548,0.0107208,0.000463431
566,0.985011,1.0853,-0.00140812,-0.0098287,0.0106191,0.000463586
567,0.975139,1.09586,-0.000944601,-0.00992075,0.0105167,0.000463696
568,0.965175,1.10632,-0.000480989,-0.0100116,0.0104136,0.000463763
569,0.955121,1.11668,-1.73327e-05,-0.0101014,0.0103097,0.000463787
570,0.944978,1.12694,0.000446326,-0.0101899,0.0102052,0.000463767
571,0.934747,1.13709,0.000909943,-0.0102773,0.0101,0.000463704
572,0.924429,1.14713,0.00137348,-0.0103635,0.00999409,0.000463598
573,0.914026,1.15707,0.00183688,-0.0104485,0.00988756,0.00046345
574,0.903538,1.1669,0.00230012,-0.0105323,0.0097804,0.000463259
575,0.892967,1.17663,0.00276314,-0.0106149,0.00967262,0.000463026
576,0.882314,1.18624,0.00322591,-0.0106964,0.00956424,0.000462751
577,0.87158,1.19575,0.00368839,-0.0107766,0.00945526,0.000462435
578,0.860767,1.20515,0.00415052,-0.0108557,0.00934571,0.000462077
579,0.849875,1.21444,0.00461228,-0.0109336,0.00923559,0.000461679
580,0.838906,1.22361,0.00507363,-0.0110102,0.00912492,0.000461239
581,0.82786,1.23268,0.00553451,-0.0110857,0.00901372,0.000460759
582,0.81674,1.24164,0.00599489,-0.01116,0.008902,0.000460238
583,0.805547,1.25048,0.00645473,-0.011233,0.00878977,0.000459678
584,0.79428,1.25921,0.00691399,-0.0113049,0.00867705,0.000459077
585,0.782943,1.26783,0.00737263,-0.0113756,0.00856384,0.000458437
586,0.771536,1.27633,0.00783061,-0.011445,0.00845017,0.000457758
587,0.760059,1.28472,0.00828789,-0.0115133,0.00833605,0.00045704
588,0.748515,1.293,0.00874443,-0.0115804,0.00822148,0.000456283
589,0.736905,1.30116,0.0092002,-0.0116462,0.00810649,0.000455488
590,0.725229,1.30921,0.00965515,-0.0117109,0.00799109,0.000454654
591,0.71349,1.31714,0.0101093,-0.0117743,0.00787529,0.000453783
592,0.701687,1.32496,0.0105625,-0.0118366,0.0077591,0.000452874
593,0.689823,1.33265,0.0110148,-0.0118976,0.00764253,0.000451927
594,0.677899,1.34024,0.0114661,-0.0119575,0.00752561,0.000450944
595,0.665915,1.3477,0.0119164,-0.0120161,0.00740833,0.000449924
596,0.653873,1.35505,0.0123657,-0.0120735,0.00729072,0.000448867
597,0.641775,1.36228,0.0128139,-0.0121298,0.00717279,0.000447774
598,0.62962,1.36939,0.013261,-0.0121848,0.00705455,0.000446646
599,0.617412,1.37638,0.0137069,-0.0122387,0.00693601,0.000445481
600,0.60515,1.38326,0.0141517,-0.0122913,0.00681718,0.000444282
601,0.592836,1.39001,0.0145952,-0.0123428,0.00669808,0.000443047
602,0.580471,1.39665,0.0150375,-0.0123931,0.00657872,0.000441778
603,0.568057,1.40317,0.0154785,-0.0124422,0.00645911,0.000440474
604,0.555594,1.40957,0.0159182,-0.01249,0.00633926,0.000439136
605,0.543083,1.41584,0.0163566,-0.0125367,0.00621919,0.000437765
606,0.530527,1.422,0.0167935,-0.0125823,0.0060989,0.00043636
607,0.517926,1.42804,0.017229,-0.0126266,0.00597841,0.000434921
608,0.505281,1.43395,0.0176631,-0.0126698,0.00585773,0.00043345
609,0.492593,1.43975,0.0180957,-0.0127117,0.00573687,0.000431946
610,0.479865,1.44542,0.0185268,-0.0127525,0.00561585,0.00043041
611,0.467095,1.45098,0.0189563,-0.0127922,0.00549467,0.000428842
612,0.454287,1.45641,0.0193842,-0.0128306,0.00537334,0.000427242
613,0.441441,1.46172,0.0198105,-0.0128679,0.00525188,0.00042561
614,0.428559,1.46691,0.0202352,-0.0129041,0.00513029,0.000423948
615,0.41564,1.47198,0.0206582,-0.012939,0.00500859,0.000422254
616,0.402688,1.47693,0.0210795,-0.0129729,0.0048868,0.00042053
617,0.389702,1.48175,0.021499,-0.0130055,0.00476491,0.000418776
618,0.376684,1.48645,0.0219168,-0.013037,0.00464294,0.000416992
619,0.363635,1.49103,0.0223328,-0.0130674,0.0045209,0.000415178
620,0.350556,1.49549,0.0227469,-0.0130966,0.0043988,0.000413335
621,0.337449,1.49983,0.0231592,-0.0131247,0.00427665,0.000411463
622,0.324314,1.50404,0.0235696,-0.0131516,0.00415446,0.000409562
623,0.311153,1.50814,0.0239781,-0.0131774,0.00403224,0.000407633
624,0.297967,1.51211,0.0243847,-0.013202,0.00391001,0.000405676
625,0.284757,1.51595,0.0247892,-0.0132256,0.00378776,0.00040369
626,0.271523,1.51968,0.0251918,-0.013248,0.00366552,0.000401678
627,0.258268,1.52328,0.0255924,-0.0132693,0.00354329,0.000399638
628,0.244992,1.52676,0.0259909,-0.0132895,0.00342107,0.000397571
629,0.231696,1.53012,0.0263873,-0.0133085,0.00329889,0.000395477
630,0.218382,1.53336,0.0267816,-0.0133265,0.00317674,0.000393357
631,0.205051,1.53647,0.0271738,-0.0133433,0.00305464,0.000391211
632,0.191703,1.53947,0.0275638,-0.0133591,0.0029326,0.000389039
633,0.17834,1.54234,0.0279516,-0.0133738,0.00281063,0.000386842
634,0.164963,1.54509,0.0283373,-0.0133873,0.00268873,0.000384619
635,0.151573,1.54771,0.0287207,-0.0133998,0.00256691,0.000382372
636,0.138171,1.55022,0.0291018,-0.0134112,0.00244519,0.0003801
637,0.124758,1.5526,0.0294807,-0.0134215,0.00232357,0.000377803
638,0.111335,1.55487,0.0298572,-0.0134308,0.00220206,0.000375483
639,0.0979039,1.55701,0.0302314,-0.0134389,0.00208067,0.000373139
640,0.0844649,1.55903,0.0306033,-0.013446,0.0019594,0.000370771
641,0.0710193,1.56092,0.0309727,-0.0134521,0.00183827,0.000368381
642,0.0575682,1.5627,0.0313398,-0.0134571,0.00171729,0.000365967
643,0.0441126,1.56436,0.0317045,-0.013461,0.00159645,0.000363531
644,0.0306536,1.56589,0.0320667,-0.0134639,0.00147578,0.000361072
645,0.0171923,1.56731,0.0324264,-0.0134658,0.00135527,0.000358592
646,0.00372959,1.5686,0.0327837,-0.0134666,0.00123494,0.000356089
647,-0.0097334,1.56978,0.0331384,-0.0134664,0.0011148,0.000353566
648,-0.0231957,1.57083,0.0334906,-0.0134651,0.000994841,0.000351021
649,-0.0366562,1.57177,0.0338403,-0.0134629,0.000875084,0.000348455
650,-0.0501139,1.57258,0.0341873,-0.0134596,0.000755534,0.000345868
651,-0.0635678,1.57328,0.0345318,-0.0134553,0.000636198,0.000343261
652,-0.0770169,1.57385,0.0348737,-0.01345,0.000517083,0.000340634
653,-0.0904603,1.57431,0.0352129,-0.0134436,0.000398196,0.000337987
654,-0.103897,1.57465,0.0355494,-0.0134363,0.000279544,0.000335321
655,-0.117325,1.57487,0.0358833,-0.013428,0.000161136,0.000332635
656,-0.130745,1.57497,0.0362145,-0.0134187,4.29769e-05,0.00032993
657,-0.144155,1.57496,0.036543,-0.0134085,-7.49253e-05,0.000327207
658,-0.157555,1.57482,0.0368688,-0.0133972,-0.000192564,0.000324465
659,-0.170942,1.57457,0.0371918,-0.013385,-0.000309933,0.000321705
660,-0.184317,1.5742,0.037512,-0.0133718,-0.000427024,0.000318927
661,-0.197679,1.57372,0.0378294,-0.0133576,-0.000543832,0.000316131
662,-0.211025,1.57312,0.0381441,-0.0133425,-0.00066035,0.000313318
663,-0.224356,1.5724,0.0384559,-0.0133264,-0.000776571,0.000310487
664,-0.237671,1.57156,0.0387649,-0.0133094,-0.00089249,0.00030764
665,-0.250967,1.57061,0.039071,-0.0132914,-0.0010081,0.000304776
666,-0.264246,1.56955,0.0393743,-0.0132725,-0.00112339,0.000301896
667,-0.277505,1.56837,0.0396746,-0.0132527,-0.00123836,0.000298999
668,-0.290744,1.56707,0.0399721,-0.0132319,-0.00135301,0.000296087
669,-0.303962,1.56566,0.0402666,-0.0132102,-0.00146732,0.000293159
670,-0.317157,1.56414,0.0405582,-0.0131876,-0.00158129,0.000290215
671,-0.330329,1.5625,0.0408469,-0.0131641,-0.00169492,0.000287257
672,-0.343478,1.56075,0.0411326,-0.0131397,-0.00180819,0.000284283
673,-0.356602,1.55888,0.0414153,-0.0131143,-0.00192111,0.000281295
674,-0.369699,1.55691,0.041695,-0.0130881,-0.00203366,0.000278293
675,-0.38277,1.55482,0.0419717,-0.013061,-0.00214585,0.000275276
676,-0.395814,1.55262,0.0422454,-0.013033,-0.00225766,0.000272246
677,-0.408829,1.5503,0.0425161,-0.0130041,-0.00236909,0.000269201
678,-0.421815,1.54788,0.0427837,-0.0129743,-0.00248014,0.000266144
679,-0.434771,1.54534,0.0430482,-0.0129437,-0.0025908,0.000263073
680,-0.447695,1.5427,0.0433097,-0.0129122,-0.00270106,0.000259989
681,-0.460588,1.53994,0.0435681,-0.0128799,-0.00281093,0.000256893
682,-0.473448,1.53708,0.0438233,-0.0128466,-0.00292038,0.000253784
683,-0.486274,1.5341,0.0440755,-0.0128126,-0.00302943,0.000250663
684,-0.499066,1.53102,0.0443245,-0.0127777,-0.00313806,0.000247529
685,-0.511822,1.52783,0.0445704,-0.0127419,-0.00324627,0.000244384
686,-0.524543,1.52453,0.0448131,-0.0127053,-0.00335405,0.000241228
687,-0.537226,1.52112,0.0450527,-0.0126679,-0.00346141,0.00023806
688,-0.549871,1.51761,0.0452891,-0.0126297,-0.00356833,0.000234881
689,-0.562478,1.51399,0.0455224,-0.0125906,-0.00367481,0.000231691
690,-0.575046,1.51026,0.0457524,-0.0125507,-0.00378084,0.000228491
691,-0.587573,1.50643,0.0459792,-0.0125101,-0.00388643,0.00022528
692,-0.600059,1.50249,0.0462028,-0.0124686,-0.00399156,0.000222059
693,-0.612503,1.49845,0.0464232,-0.0124263,-0.00409623,0.000218828
694,-0.624904,1.4943,0.0466404,-0.0123832,-0.00420044,0.000215587
695,-0.637262,1.49005,0.0468543,-0.0123393,-0.00430419,0.000212336
696,-0.649576,1.4857,0.0470649,-0.0122947,-0.00440746,0.000209077
697,-0.661845,1.48124,0.0472723,-0.0122493,-0.00451026,0.000205808
698,-0.674068,1.47668,0.0474764,-0.0122031,-0.00461257,0.00020253
699,-0.686244,1.47202,0.0476772,-0.0121561,-0.0047144,0.000199244
700,-0.698373,1.46725,0.0478748,-0.0121084,-0.00481575,0.000195949
701,-0.710454,1.46239,0.048069,-0.0120599,-0.0049166,0.000192646
702,-0.722486,1.45742,0.04826,-0.0120106,-0.00501696,0.000189334
703,-0.734469,1.45236,0.0484476,-0.0119606,-0.00511681,0.000186015
704,-0.746401,1.44719,0.0486319,-0.0119099,-0.00521616,0.000182689
705,-0.758282,1.44193,0.0488129,-0.0118584,-0.005315,0.000179355
706,-0.770111,1.43656,0.0489905,-0.0118062,-0.00541333,0.000176013
707,-0.781888,1.4311,0.0491648,-0.0117533,-0.00551115,0.000172665
708,-0.793612,1.42554,0.0493357,-0.0116997,-0.00560844,0.00016931
709,-0.805281,1.41989,0.0495033,-0.0116453,-0.00570521,0.000165948
710,-0.816896,1.41414,0.0496675,-0.0115902,-0.00580146,0.00016258
711,-0.828455,1.40829,0.0498284,-0.0115344,-0.00589717,0.000159205
712,-0.839958,1.40235,0.0499859,-0.0114779,-0.00599235,0.000155825
713,-0.851404,1.39631,0.05014,-0.0114207,-0.00608699,0.000152439
714,-0.862793,1.39018,0.0502907,-0.0113629,-0.00618108,0.000149047
715,-0.874124,1.38395,0.050438,-0.0113043,-0.00627464,0.00014565
716,-0.885395,1.37763,0.0505819,-0.011245,-0.00636764,0.000142247
717,-0.896608,1.37122,0.0507224,-0.0111851,-0.00646009,0.00013884
718,-0.90776,1.36471,0.0508595,-0.0111245,-0.00655199,0.000135427
719,-0.91885,1.35812,0.0509932,-0.0110633,-0.00664333,0.00013201
720,-0.92988,1.35143,0.0511234,-0.0110013,-0.00673411,0.000128589
721,-0.940847,1.34465,0.0512503,-0.0109387,-0.00682432,0.000125163
722,-0.951751,1.33779,0.0513737,-0.0108755,-0.00691396,0.000121733
723,-0.962592,1.33083,0.0514937,-0.0108116,-0.00700303,0.000118299
724,-0.973368,1.32378,0.0516102,-0.0107471,-0.00709153,0.000114861
725,-0.98408,1.31665,0.0517233,-0.0106819,-0.00717944,0.00011142
726,-0.994726,1.30943,0.051833,-0.0106161,-0.00726678,0.000107976
727,-1.00531,1.30212,0.0519392,-0.0105497,-0.00735353,0.000104528
728,-1.01582,1.29473,0.052042,-0.0104826,-0.0074397,0.000101078
729,-1.02627,1.28724,0.0521413,-0.0104149,-0.00752527,9.76244e-05
730,-1.03664,1.27968,0.0522372,-0.0103466,-0.00761025,9.41684e-05
731,-1.04695,1.27203,0.0523296,-0.0102777,-0.00769463,9.071e-05
732,-1.05719,1.26429,0.0524186,-0.0102082,-0.00777842,8.72493e-05
733,-1.06736,1.25648,0.052504,-0.0101381,-0.0078616,8.37865e-05
734,-1.07746,1.24857,0.0525861,-0.0100674,-0.00794418,8.03218e-05
735,-1.08749,1.24059,0.0526646,-0.00999615,-0.00802615,7.68553e-05
736,-1.09745,1.23253,0.0527397,-0.00992428,-0.00810751,7.33874e-05
737,-1.10734,1.22438,0.0528114,-0.00985182,-0.00818825,6.9918e-05
738,-1.11715,1.21616,0.0528795,-0.00977879,-0.00826838,6.64474e-05
739,-1.12689,1.20785,0.0529442,-0.00970519,-0.00834789,6.29758e-05
740,-1.13655,1.19946,0.0530055,-0.00963102,-0.00842678,5.95033e-05
741,-1.14615,1.191,0.0530632,-0.00955628,-0.00850504,5.60301e-05
742,-1.15566,1.18246,0.0531175,-0.00948099,-0.00858268,5.25565e-05
743,-1.1651,1.17384,0.0531683,-0.00940515,-0.00865968,4.90824e-05
744,-1.17447,1.16514,0.0532156,-0.00932876,-0.00873606,4.56082e-05
745,-1.18375,1.15637,0.0532595,-0.00925183,-0.00881179,4.2134e-05
746,-1.19296,1.14753,0.0532999,-0.00917436,-0.00888689,3.86599e-05
747,-1.2021,1.1386,0.0533368,-0.00909635,-0.00896135,3.51861e-05
748,-1.21115,1.12961,0.0533702,-0.00901781,-0.00903517,3.17129e-05
749,-1.22013,1.12054,0.0534002,-0.00893875,-0.00910834,2.82403e-05
750,-1.22903,1.1114,0.0534267,-0.00885917,-0.00918087,2.47685e-05
751,-1.23784,1.10218,0.0534497,-0.00877907,-0.00925274,2.12977e-05
752,-1.24658,1.0929,0.0534693,-0.00869847,-0.00932396,1.78281e-05
753,-1.25523,1.08354,0.0534854,-0.00861735,-0.00939452,1.43597e-05
754,-1.26381,1.07411,0.053498,-0.00853573,-0.00946443,1.08929e-05
755,-1.2723,1.06462,0.0535071,-0.00845362,-0.00953368,7.42768e-06
756,-1.28071,1.05505,0.0535128,-0.00837101,-0.00960226,3.96428e-06
757,-1.28904,1.04542,0.0535151,-0.00828792,-0.00967018,5.02847e-07
758,-1.29728,1.03571,0.0535138,-0.00820434,-0.00973743,-2.95646e-06
759,-1.30544,1.02595,0.0535092,-0.00812028,-0.00980402,-6.41348e-06
760,-1.31352,1.01611,0.053501,-0.00803575,-0.00986993,-9.86806e-06
761,-1.32151,1.00621,0.0534894,-0.00795074,-0.00993516,-1.332e-05
762,-1.32942,0.996247,0.0534744,-0.00786527,-0.00999972,-1.67692e-05
763,-1.33724,0.986218,0.0534559,-0.00777934,-0.0100636,-2.02155e-05
764,-1.34497,0.976126,0.053434,-0.00769296,-0.0101268,-2.36587e-05
765,-1.35262,0.96597,0.0534086,-0.00760612,-0.0101893,-2.70986e-05
766,-1.36018,0.955753,0.0533798,-0.00751883,-0.0102511,-3.05352e-05
767,-1.36765,0.945474,0.0533475,-0.0074311,-0.0103123,-3.39682e-05
768,-1.37504,0.935134,0.0533119,-0.00734294,-0.0103727,-3.73975e-05
769,-1.38233,0.924734,0.0532728,-0.00725433,-0.0104325,-4.08229e-05
770,-1.38954,0.914275,0.0532302,-0.0071653,-0.0104916,-4.42443e-05
771,-1.39666,0.903757,0.0531843,-0.00707584,-0.0105499,-4.76615e-05
772,-1.40369,0.893181,0.0531349,-0.00698597,-0.0106076,-5.10744e-05
773,-1.41063,0.882547,0.0530822,-0.00689567,-0.0106646,-5.44827e-05
774,-1.41748,0.871858,0.053026,-0.00680497,-0.0107208,-5.78865e-05
775,-1.42423,0.861112,0.0529664,-0.00671385,-0.0107764,-6.12854e-05
776,-1.4309,0.850311,0.0529035,-0.00662234,-0.0108312,-6.46794e-05
777,-1.43747,0.839455,0.0528371,-0.00653042,-0.0108854,-6.80682e-05
778,-1.44396,0.828546,0.0527674,-0.00643811,-0.0109388,-7.14519e-05
779,-1.45035,0.817584,0.0526943,-0.00634542,-0.0109915,-7.483e-05
780,-1.45664,0.806569,0.0526178,-0.00625233,-0.0110435,-7.82027e-05
781,-1.46285,0.795503,0.0525379,-0.00615887,-0.0110948,-8.15696e-05
782,-1.46896,0.784386,0.0524547,-0.00606503,-0.0111454,-8.49306e-05
783,-1.47497,0.773218,0.0523681,-0.00597082,-0.0111952,-8.82856e-05
784,-1.4809,0.762001,0.0522781,-0.00587624,-0.0112443,-9.16344e-05
785,-1.48672,0.750736,0.0521849,-0.0057813,-0.0112927,-9.49769e-05
786,-1.49246,0.739422,0.0520882,-0.005686,-0.0113404,-9.83129e-05
787,-1.49809,0.728061,0.0519883,-0.00559035,-0.0113873,-0.000101642
788,-1.50363,0.716654,0.051885,-0.00549434,-0.0114335,-0.000104965
789,-1.50908,0.705201,0.0517784,-0.00539799,-0.011479,-0.000108281
790,-1.51443,0.693702,0.0516685,-0.00530131,-0.0115237,-0.000111589
791,-1.51968,0.68216,0.0515553,-0.00520428,-0.0115677,-0.00011489
792,-1.52483,0.670573,0.0514388,-0.00510693,-0.011611,-0.000118184
793,-1.52989,0.658944,0.051319,-0.00500924,-0.0116535,-0.000121471
794,-1.53485,0.647273,0.0511959,-0.00491124,-0.0116952,-0.000124749
795,-1.53971,0.63556,0.0510696,-0.00481291,-0.0117362,-0.00012802
796,-1.54447,0.623807,0.05094,-0.00471428,-0.0117765,-0.000131283
797,-1.54913,0.612014,0.0508071,-0.00461533,-0.011816,-0.000134538
798,-1.5537,0.600181,0.0506709,-0.00451608,-0.0118548,-0.000137784
799,-1.55816,0.588311,0.0505316,-0.00441653,-0.0118928,-0.000141022
800,-1.56253,0.576402,0.050389,-0.00431668,-0.0119301,-0.000144252
801,-1.5668,0.564457,0.0502432,-0.00421654,-0.0119666,-0.000147472
802,-1.57096,0.552476,0.0500941,-0.00411611,-0.0120023,-0.000150684
803,-1.57503,0.540459,0.0499419,-0.00401541,-0.0120373,-0.000153887
804,-1.57899,0.528408,0.0497864,-0.00391442,-0.0120715,-0.00015708
805,-1.58285,0.516323,0.0496278,-0.00381316,-0.0121049,-0.000160264
806,-1.58661,0.504205,0.049466,-0.00371163,-0.0121376,-0.000163439
807,-1.59027,0.492055,0.049301,-0.00360984,-0.0121695,-0.000166604
808,-1.59383,0.479873,0.0491329,-0.00350779,-0.0122007,-0.000169759
809,-1.59729,0.46766,0.0489616,-0.00340549,-0.0122311,-0.000172904
810,-1.60064,0.455417,0.0487872,-0.00330293,-0.0122606,-0.000176039
811,-1.60389,0.443145,0.0486096,-0.00320013,-0.0122895,-0.000179164
812,-1.60704,0.430845,0.0484289,-0.00309709,-0.0123175,-0.000182278
813,-1.61008,0.418517,0.0482452,-0.00299381,-0.0123448,-0.000185382
814,-1.61302,0.406163,0.0480583,-0.00289029,-0.0123712,-0.000188475
815,-1.61586,0.393782,0.0478683,-0.00278655,-0.0123969,-0.000191557
816,-1.6186,0.381376,0.0476753,-0.00268259,-0.0124218,-0.000194629
817,-1.62123,0.368945,0.0474792,-0.00257841,-0.012446,-0.000197689
818,-1.62375,0.356491,0.04728,-0.00247402,-0.0124693,-0.000200738
819,-1.62617,0.344013,0.0470778,-0.00236942,-0.0124918,-0.000203775
820,-1.62849,0.331514,0.0468726,-0.00226461,-0.0125136,-0.0002068
821,-1.6307,0.318993,0.0466643,-0.0021596,-0.0125345,-0.000209814
822,-1.63281,0.306452,0.0464531,-0.0020544,-0.0125547,-0.000212816
823,-1.63481,0.293891,0.0462388,-0.00194901,-0.012574,-0.000215806
824,-1.6367,0.281311,0.0460216,-0.00184344,-0.0125926,-0.000218784
825,-1.63849,0.268713,0.0458014,-0.00173768,-0.0126103,-0.000221749
826,-1.64018,0.256097,0.0455782,-0.00163175,-0.0126273,-0.000224702
827,-1.64176,0.243465,0.0453521,-0.00152564,-0.0126434,-0.000227641
828,-1.64323,0.230817,0.045123,-0.00141937,-0.0126587,-0.000230569
829,-1.64459,0.218155,0.0448911,-0.00131294,-0.0126733,-0.000233483
830,-1.64585,0.205478,0.0446562,-0.00120636,-0.012687,-0.000236383
831,-1.64701,0.192788,0.0444184,-0.00109962,-0.0126999,-0.000239271
832,-1.64805,0.180085,0.0441778,-0.000992733,-0.0127119,-0.000242145
833,-1.64899,0.167371,0.0439343,-0.000885705,-0.0127232,-0.000245006
834,-1.64982,0.154646,0.0436879,-0.000778541,-0.0127337,-0.000247852
835,-1.65055,0.141911,0.0434387,-0.000671244,-0.0127433,-0.000250685
836,-1.65117,0.129166,0.0431867,-0.000563821,-0.0127521,-0.000253504
837,-1.65168,0.116414,0.0429318,-0.000456275,-0.0127601,-0.000256308
838,-1.65208,0.103653,0.0426742,-0.000348612,-0.0127673,-0.000259098
839,-1.65237,0.0908863,0.0424138,-0.000240837,-0.0127736,-0.000261873
840,-1.65256,0.0781133,0.0421506,-0.000132955,-0.0127791,-0.000264634
841,-1.65264,0.0653353,0.0418847,-2.49708e-05,-0.0127838,-0.000267379
842,-1.65261,0.0525529,0.041616,8.31104e-05,-0.0127876,-0.00027011
843,-1.65247,0.0397672,0.0413446,0.000191283,-0.0127906,-0.000272825
844,-1.65223,0.0269788,0.0410705,0.000299543,-0.0127928,-0.000275525
845,-1.65187,0.0141887,0.0407937,0.000407885,-0.0127941,-0.00027821
846,-1.65141,0.00139767,0.0405142,0.000516303,-0.0127946,-0.000280878
847,-1.65084,-0.0113934,0.0402321,0.000624792,-0.0127943,-0.000283531
848,-1.65016,-0.0241838,0.0399473,0.000733347,-0.0127931,-0.000286168
849,-1.64937,-0.0369725,0.0396599,0.000841963,-0.0127911,-0.000288789
850,-1.64848,-0.0497588,0.0393699,0.000950635,-0.0127882,-0.000291393
851,-1.64747,-0.0625419,0.0390773,0.00105936,-0.0127845,-0.000293981
852,-1.64636,-0.0753207,0.0387821,0.00116812,-0.0127799,-0.000296552
853,-1.64514,-0.0880946,0.0384844,0.00127693,-0.0127745,-0.000299106
854,-1.64381,-0.100863,0.0381841,0.00138577,-0.0127683,-0.000301644
855,-1.64237,-0.113624,0.0378812,0.00149464,-0.0127611,-0.000304164
856,-1.64082,-0.126378,0.0375759,0.00160353,-0.0127532,-0.000306666
857,-1.63916,-0.139123,0.0372681,0.00171244,-0.0127443,-0.000309152
858,-1.63739,-0.151859,0.0369578,0.00182137,-0.0127346,-0.000311619
859,-1.63552,-0.164585,0.036645,0.0019303,-0.0127241,-0.000314069
860,-1.63354,-0.177301,0.0363298,0.00203923,-0.0127127,-0.000316501
861,-1.63144,-0.190004,0.0360122,0.00214815,-0.0127004,-0.000318914
862,-1.62924,-0.202694,0.0356922,0.00225707,-0.0126873,-0.000321309
863,-1.62693,-0.215371,0.0353698,0.00236597,-0.0126733,-0.000323686
864,-1.62451,-0.228034,0.035045,0.00247485,-0.0126584,-0.000326044
865,-1.62198,-0.240681,0.0347178,0.00258371,-0.0126427,-0.000328383
866,-1.61934,-0.253312,0.0343884,0.00269253,-0.0126261,-0.000330703
867,-1.6166,-0.265926,0.0340566,0.00280131,-0.0126086,-0.000333004
868,-1.61374,-0.278523,0.0337226,0.00291005,-0.0125903,-0.000335286
869,-1.61078,-0.2911,0.0333862,0.00301874,-0.0125711,-0.000337548
870,-1.60771,-0.303658,0.0330477,0.00312737,-0.012551,-0.00033979
871,-1.60453,-0.316195,0.0327068,0.00323594,-0.01253,-0.000342013
872,-1.60124,-0.328711,0.0323638,0.00334444,-0.0125082,-0.000344215
873,-1.59784,-0.341204,0.0320186,0.00345287,-0.0124855,-0.000346397
874,-1.59433,-0.353675,0.0316712,0.00356122,-0.0124619,-0.000348559
875,-1.59072,-0.366121,0.0313217,0.00366949,-0.0124374,-0.0003507
876,-1.587,-0.378543,0.03097,0.00377766,-0.012412,-0.000352821
877,-1.58317,-0.390938,0.0306162,0.00388573,-0.0123858,-0.00035492
878,-1.57923,-0.403308,0.0302604,0.0039937,-0.0123587,-0.000356999
879,-1.57518,-0.415649,0.0299024,0.00410156,-0.0123307,-0.000359056
880,-1.57103,-0.427962,0.0295425,0.0042093,-0.0123017,-0.000361092
881,-1.56676,-0.440246,0.0291805,0.00431692,-0.012272,-0.000363106
882,-1.56239,-0.452499,0.0288164,0.00442441,-0.0122413,-0.000365098
883,-1.55792,-0.464721,0.0284505,0.00453176,-0.0122097,-0.000367068
884,-1.55333,-0.476912,0.0280825,0.00463898,-0.0121772,-0.000369016
885,-1.54864,-0.489069,0.0277126,0.00474604,-0.0121439,-0.000370942
886,-1.54384,-0.501193,0.0273408,0.00485295,-0.0121096,-0.000372845
887,-1.53894,-0.513282,0.0269672,0.0049597,-0.0120745,-0.000374726
888,-1.53393,-0.525335,0.0265916,0.00506628,-0.0120385,-0.000376583
889,-1.52881,-0.537352,0.0262142,0.00517268,-0.0120015,-0.000378418
890,-1.52358,-0.549331,0.025835,0.00527891,-0.0119637,-0.000380229
891,-1.51825,-0.561273,0.0254539,0.00538494,-0.011925,-0.000382017
892,-1.51282,-0.573175,0.0250711,0.00549078,-0.0118853,-0.000383781
893,-1.50728,-0.585037,0.0246866,0.00559642,-0.0118448,-0.000385522
894,-1.50163,-0.596858,0.0243003,0.00570185,-0.0118034,-0.000387238
895,-1.49588,-0.608637,0.0239123,0.00580707,-0.0117611,-0.00038893
896,-1.49002,-0.620373,0.0235227,0.00591206,-0.0117178,-0.000390598
897,-1.48405,-0.632066,0.0231314,0.00601683,-0.0116737,-0.000392242
898,-1.47799,-0.643714,0.0227384,0.00612135,-0.0116287,-0.00039386
899,-1.47182,-0.655317,0.0223439,0.00622564,-0.0115827,-0.000395454
900,-1.46554,-0.666873,0.0219477,0.00632968,-0.0115359,-0.000397023
901,-1.45916,-0.678382,0.02155,0.00643345,-0.0114881,-0.000398566
902,-1.45268,-0.689843,0.0211508,0.00653697,-0.0114395,-0.000400084
903,-1.44609,-0.701255,0.0207501,0.00664021,-0.0113899,-0.000401576
904,-1.4394,-0.712617,0.0203479,0.00674317,-0.0113395,-0.000403043
905,-1.43261,-0.723928,0.0199442,0.00684585,-0.0112881,-0.000404483
906,-1.42571,-0.735187,0.0195391,0.00694823,-0.0112358,-0.000405897
907,-1.41871,-0.746393,0.0191327,0.00705031,-0.0111826,-0.000407285
908,-1.41161,-0.757546,0.0187248,0.00715209,-0.0111285,-0.000408646
909,-1.40441,-0.768644,0.0183156,0.00725354,-0.0110735,-0.000409981
910,-1.39711,-0.779687,0.0179051,0.00735468,-0.0110176,-0.000411288
911,-1.38971,-0.790673,0.0174932,0.00745548,-0.0109608,-0.000412569
912,-1.3822,-0.801602,0.0170802,0.00755594,-0.0109031,-0.000413821
913,-1.3746,-0.812473,0.0166658,0.00765606,-0.0108445,-0.000415047
914,-1.3669,-0.823285,0.0162503,0.00775582,-0.0107849,-0.000416245
915,-1.35909,-0.834037,0.0158336,0.00785522,-0.0107245,-0.000417414
916,-1.35119,-0.844728,0.0154157,0.00795425,-0.0106631,-0.000418556
917,-1.34319,-0.855357,0.0149967,0.00805291,-0.0106008,-0.00041967
918,-1.33509,-0.865924,0.0145766,0.00815117,-0.0105377,-0.000420755
919,-1.32689,-0.876427,0.0141554,0.00824905,-0.0104736,-0.000421811
920,-1.3186,-0.886865,0.0137332,0.00834652,-0.0104086,-0.000422838
921,-1.3102,-0.897238,0.01331,0.00844358,-0.0103427,-0.000423837
922,-1.30171,-0.907545,0.0128858,0.00854022,-0.0102759,-0.000424806
923,-1.29313,-0.917784,0.0124606,0.00863644,-0.0102082,-0.000425746
924,-1.28445,-0.927956,0.0120345,0.00873222,-0.0101396,-0.000426656
925,-1.27567,-0.938058,0.0116075,0.00882756,-0.0100701,-0.000427536
926,-1.2668,-0.94809,0.0111797,0.00892245,-0.00999972,-0.000428386
927,-1.25783,-0.958052,0.010751,0.00901688,-0.00992841,-0.000429206
928,-1.24877,-0.967942,0.0103215,0.00911085,-0.0098562,-0.000429996
929,-1.23961,-0.977759,0.00989124,0.00920433,-0.00978309,-0.000430755
930,-1.23036,-0.987502,0.00946023,0.00929733,-0.00970908,-0.000431484
931,-1.22102,-0.997171,0.00902851,0.00938984,-0.00963416,-0.000432182
932,-1.21159,-1.00677,0.00859611,0.00948185,-0.00955836,-0.000432848
933,-1.20206,-1.01628,0.00816306,0.00957334,-0.00948165,-0.000433483
934,-1.19245,-1.02572,0.00772938,0.00966432,-0.00940406,-0.000434087
935,-1.18274,-1.03509,0.00729512,0.00975476,-0.00932556,-0.000434659
936,-1.17294,-1.04437,0.00686031,0.00984467,-0.00924618,-0.000435199
937,-1.16306,-1.05357,0.00642497,0.00993404,-0.00916591,-0.000435707
938,-1.15308,-1.0627,0.00598914,0.0100228,-0.00908475,-0.000436183
939,-1.14302,-1.07174,0.00555284,0.0101111,-0.0090027,-0.000436626
940,-1.13286,-1.0807,0.00511613,0.0101988,-0.00891976,-0.000437037
941,-1.12262,-1.08957,0.00467901,0.0102859,-0.00883595,-0.000437415
942,-1.1123,-1.09836,0.00424154,0.0103724,-0.00875125,-0.00043776
943,-1.10189,-1.10707,0.00380374,0.0104583,-0.00866567,-0.000438072
944,-1.09139,-1.11569,0.00336564,0.0105436,-0.00857921,-0.000438351
945,-1.0808,-1.12422,0.00292728,0.0106282,-0.00849188,-0.000438596
946,-1.07014,-1.13267,0.00248869,0.0107123,-0.00840368,-0.000438807
947,-1.05939,-1.14103,0.00204991,0.0107957,-0.00831461,-0.000438985
948,-1.04855,-1.14929,0.00161096,0.0108785,-0.00822467,-0.000439129
949,-1.03763,-1.15747,0.0011719,0.0109606,-0.00813386,-0.000439238
950,-1.02664,-1.16556,0.000732733,0.011042,-0.00804219,-0.000439313
951,-1.01556,-1.17355,0.000293514,0.0111228,-0.00794966,-0.000439353
952,-1.0044,-1.18145,-0.000145729,0.0112029,-0.00785627,-0.000439359
953,-0.993157,-1.18926,-0.000584959,0.0112823,-0.00776203,-0.00043933
954,-0.981839,-1.19697,-0.00102414,0.0113609,-0.00766694,-0.000439265
955,-0.970442,-1.20459,-0.00146325,0.0114389,-0.007571,-0.000439166
956,-0.958967,-1.21211,-0.00190223,0.0115162,-0.00747422,-0.000439031
957,-0.947416,-1.21953,-0.00234106,0.0115927,-0.00737659,-0.00043886
958,-0.935788,-1.22686,-0.00277971,0.0116685,-0.00727813,-0.000438654
959,-0.924085,-1.23408,-0.00321813,0.0117435,-0.00717883,-0.000438412
960,-0.912308,-1.24121,-0.00365629,0.0118178,-0.0070787,-0.000438133
961,-0.900456,-1.24824,-0.00409415,0.0118913,-0.00697775,-0.000437819
962,-0.888532,-1.25516,-0.00453168,0.011964,-0.00687597,-0.000437468
963,-0.876535,-1.26199,-0.00496884,0.0120359,-0.00677338,-0.000437081
964,-0.864466,-1.26871,-0.0054056,0.0121071,-0.00666997,-0.000436657
965,-0.852327,-1.27532,-0.00584191,0.0121774,-0.00656575,-0.000436196
966,-0.840119,-1.28183,-0.00627775,0.0122469,-0.00646073,-0.000435698
967,-0.82784,-1.28824,-0.00671307,0.0123155,-0.0063549,-0.000435163
968,-0.815494,-1.29454,-0.00714783,0.0123834,-0.00624828,-0.00043459
969,-0.803081,-1.30073,-0.00758201,0.0124503,-0.00614087,-0.00043398
970,-0.7906,-1.30682,-0.00801555,0.0125165,-0.00603267,-0.000433333
971,-0.778055,-1.3128,-0.00844843,0.0125817,-0.00592369,-0.000432648
972,-0.765444,-1.31866,-0.00888061,0.0126461,-0.00581393,-0.000431925
973,-0.75277,-1.32442,-0.00931204,0.0127096,-0.0057034,-0.000431164
974,-0.740032,-1.33007,-0.00974269,0.0127721,-0.00559211,-0.000430365
975,-0.727232,-1.3356,-0.0101725,0.0128338,-0.00548005,-0.000429528
976,-0.714372,-1.34102,-0.0106015,0.0128945,-0.00536725,-0.000428652
977,-0.70145,-1.34633,-0.0110296,0.0129544,-0.00525369,-0.000427738
978,-0.68847,-1.35153,-0.0114567,0.0130132,-0.00513939,-0.000426785
979,-0.675431,-1.35661,-0.0118829,0.0130712,-0.00502436,-0.000425794
980,-0.662335,-1.36157,-0.0123081,0.0131281,-0.00490859,-0.000424763
981,-0.649182,-1.36642,-0.0127322,0.0131841,-0.00479211,-0.000423694
982,-0.635974,-1.37116,-0.0131553,0.0132391,-0.0046749,-0.000422585
983,-0.622711,-1.37577,-0.0135772,0.0132931,-0.00455699,-0.000421438
984,-0.609395,-1.38027,-0.0139979,0.0133462,-0.00443837,-0.000420251
985,-0.596026,-1.38464,-0.0144174,0.0133982,-0.00431906,-0.000419024
986,-0.582606,-1.3889,-0.0148357,0.0134492,-0.00419906,-0.000417759
987,-0.569136,-1.39304,-0.0152527,0.0134991,-0.00407838,-0.000416453
988,-0.555616,-1.39706,-0.0156684,0.013548,-0.00395702,-0.000415108
989,-0.542047,-1.40095,-0.0160827,0.0135959,-0.003835,-0.000413723
990,-0.528431,-1.40473,-0.0164956,0.0136427,-0.00371232,-0.000412299
991,-0.514769,-1.40837,-0.0169071,0.0136884,-0.00358899,-0.000410834
992,-0.501062,-1.4119,-0.017317,0.0137331,-0.00346501,-0.000409329
993,-0.487311,-1.4153,-0.0177255,0.0137766,-0.0033404,-0.000407785
994,-0.473517,-1.41858,-0.0181324,0.0138191,-0.00321517,-0.0004062
995,-0.45968,-1.42173,-0.0185377,0.0138604,-0.00308932,-0.000404575
996,-0.445804,-1.42476,-0.0189413,0.0139006,-0.00296286,-0.00040291
997,-0.431887,-1.42766,-0.0193433,0.0139397,-0.00283581,-0.000401205
998,-0.417932,-1.43043,-0.0197435,0.0139776,-0.00270816,-0.000399459
999,-0.403939,-1.43307,-0.020142,0.0140144,-0.00257993,-0.000397673
1000,-0.389911,-1.43559,-0.0205386,0.0140501,-0.00245113,-0.000395846
